{"cameraMode":{"drawMode":0,"name":"Shaded","section":"Shading Mode"},"sceneLighting":true,"audioPlay":false,"sceneViewState":{"showFog":false,"showMaterialUpdate":false,"showSkybox":true,"showFlares":false,"showImageEffects":false,"showParticleSystems":false},"in2DMode":false,"pivot":{"x":73.66935729980469,"y":136.34744262695313,"z":95.45404052734375},"rotation":{"x":-0.22911876440048219,"y":0.11416088044643402,"z":-0.02706850878894329,"w":-0.9663019180297852},"size":53.62894821166992,"orthographic":false}